{"cameraMode":{"drawMode":0,"name":"Shaded","section":"Shading Mode"},"sceneLighting":true,"audioPlay":false,"sceneViewState":{"showFog":false,"showMaterialUpdate":false,"showSkybox":false,"showFlares":false,"showImageEffects":false,"showParticleSystems":false},"in2DMode":false,"pivot":{"x":-1.294363260269165,"y":2.6688003540039064,"z":6.094011306762695},"rotation":{"x":-0.14083518087863923,"y":0.008016206324100495,"z":-0.0011403793469071389,"w":-0.9900009036064148},"size":13.287703514099121,"orthographic":false}