{"cameraMode":{"drawMode":0,"name":"Shaded","section":"Shading Mode"},"sceneLighting":true,"audioPlay":false,"sceneViewState":{"showFog":true,"showMaterialUpdate":false,"showSkybox":true,"showFlares":true,"showImageEffects":true,"showParticleSystems":true},"in2DMode":false,"pivot":{"x":-3.2918457984924318,"y":-2.927431106567383,"z":3.7363481521606447},"rotation":{"x":-0.24284370243549348,"y":0.2656286954879761,"z":-0.06933058798313141,"w":-0.9304164052009583},"size":9.958367347717286,"orthographic":false}